-- phpMyAdmin SQL Dump
-- version 4.5.4.1deb2ubuntu2.1
-- http://www.phpmyadmin.net
--
-- Host: localhost
-- Generation Time: Nov 20, 2019 at 11:18 AM
-- Server version: 5.7.28-0ubuntu0.16.04.2
-- PHP Version: 7.0.33-0ubuntu0.16.04.7

SET SQL_MODE = "NO_AUTO_VALUE_ON_ZERO";
SET time_zone = "+00:00";


/*!40101 SET @OLD_CHARACTER_SET_CLIENT=@@CHARACTER_SET_CLIENT */;
/*!40101 SET @OLD_CHARACTER_SET_RESULTS=@@CHARACTER_SET_RESULTS */;
/*!40101 SET @OLD_COLLATION_CONNECTION=@@COLLATION_CONNECTION */;
/*!40101 SET NAMES utf8mb4 */;

--
-- Database: `testpost`
--

-- --------------------------------------------------------

--
-- Table structure for table `blog`
--

CREATE TABLE `blog` (
  `bid` int(11) NOT NULL,
  `title` varchar(150) NOT NULL,
  `content` blob NOT NULL,
  `date` date NOT NULL
) ENGINE=InnoDB DEFAULT CHARSET=latin1;

--
-- Dumping data for table `blog`
--

INSERT INTO `blog` (`bid`, `title`, `content`, `date`) VALUES
(1, 'First', 0x717765727479756920696f706f706f716972716974696f797175742020757971697579716f697475202075796f7174796775707174752071706f7579206f7170797572757120706f697175726f7170697572706f75777265206f697175726f717565726f717520706f717975726f707169657572206f716975206f71697572706f717572706f71756972706f692075706f717520706f71757220706f69757120706f7520706f7571706f757269717572697520, '2019-11-17'),
(2, 'Second', 0x4b6f6368692028616c736f206b6e6f776e20617320436f6368696e292069732061206369747920696e20736f7574687765737420496e646961277320636f617374616c204b6572616c612073746174652e20497420686173206265656e206120706f72742073696e636520313334312c207768656e206120666c6f6f6420636172766564206f75742069747320686172626f7220616e64206f70656e656420697420746f20417261622c204368696e65736520616e64204575726f7065616e206d65726368616e74732e205369746573207265666c656374696e672074686f736520696e666c75656e63657320696e636c75646520466f7274204b6f6368692c206120736574746c656d656e7420776974682074696c656420636f6c6f6e69616c2062756e67616c6f777320616e64206469766572736520686f75736573206f6620776f72736869702e2043616e74696c657665726564204368696e6573652066697368696e67206e6574732c207479706963616c206f66204b6f6368692c2068617665206265656e20696e2075736520666f722063656e7475726965732e, '2019-11-18'),
(3, 'Kerala', 0x4b6572616c612c2061207374617465206f6e20496e64696127732074726f706963616c204d616c6162617220436f6173742c20686173206e6561726c79203630306b6d206f66204172616269616e205365612073686f72656c696e652e2049742773206b6e6f776e20666f72206974732070616c6d2d6c696e6564206265616368657320616e64206261636b7761746572732c2061206e6574776f726b206f662063616e616c732e20496e6c616e642061726520746865205765737465726e2047686174732c206d6f756e7461696e732077686f736520736c6f70657320737570706f7274207465612c20636f6666656520616e6420737069636520706c616e746174696f6e732061732077656c6c2061732077696c646c6966652e204e6174696f6e616c207061726b73206c696b652045726176696b756c616d20616e6420506572697961722c20706c757320576179616e616420616e64206f746865722073616e63747561726965732c2061726520686f6d6520746f20656c657068616e74732c206c616e677572206d6f6e6b65797320616e64207469676572732e, '2019-11-19'),
(4, 'Mavelikkara', 0x4d6176656c696b61726120697320612074616c756b20616e64206d756e69636970616c69747920696e2074686520416c617070757a6861206469737472696374206f662074686520496e6469616e207374617465206f66204b6572616c612e204c6f636174656420696e2074686520736f75746865726e2070617274206f6620746865206469737472696374206f6e207468652062616e6b73206f662074686520416368616e6b6f76696c2052697665722e20546865206e616d65204d6176656c696b6172612069732062656c696576656420746f206265207475726e6564206f75742066726f6d2074686520776f726473204d6176656c6920746865206d7974686963616c206b696e67206f66204b6572616c612c20616e64204b617261206d65616e73206c616e642e, '2019-11-19'),
(5, 'Fifth blog', 0x416c617070757a686120286f7220416c6c65707065792920697320612063697479206f6e20746865204c61636361646976652053656120696e2074686520736f75746865726e20496e6469616e207374617465206f66204b6572616c612e20497427732062657374206b6e6f776e20666f7220686f757365626f6174206372756973657320616c6f6e672074686520727573746963204b6572616c61206261636b7761746572732c2061206e6574776f726b206f66207472616e7175696c2063616e616c7320616e64206c61676f6f6e732e20416c617070757a6861204265616368206973207468652073697465206f662074686520313974682d63656e7475727920416c617070757a6861204c69676874686f7573652e2054686520636974792773204d756c6c616b6b616c2054656d706c65206665617475726573206120747261646974696f6e616c2064657369676e2e2050756e6e616d616461204c616b65277320736e616b6520626f61742072616365732061726520612077656c6c2d6b6e6f776e20616e6e75616c206576656e742e, '2019-11-19'),
(6, 'Seventh', 0x54687269737375722069732061206369747920696e2074686520736f75746820496e6469616e207374617465206f66204b6572616c612e2049742773206b6e6f776e20666f722073616372656420736974657320616e6420636f6c6f7266756c20666573746976616c732e20496e207468652063656e74657220697320566164616b6b756d6e617468616e2054656d706c652c2064656469636174656420746f204c6f726420536869766120616e642061646f726e65642077697468206d7572616c732e20546865206f726e6174652c20496e646f2d476f74686963204f7572204c616479206f6620446f6c6f75727320426173696c696361206973206e65617262792e20546f20746865206e6f7274682c20546869727576616d626164792054656d706c6520697320686f6d6520746f207365766572616c20656c657068616e74732e2053616b7468616e205468616d707572616e2050616c61636520686f7573657320616e206172636861656f6c6f6779206d757365756d20776974682062726f6e7a65207374617475657320616e6420616e6369656e7420636f696e732e, '2019-11-19'),
(7, 'Eighth', 0x4b6f7a68696b6f6465206973206120636f617374616c206369747920696e2074686520736f75746820496e6469616e207374617465206f66204b6572616c612e204974207761732061207369676e69666963616e742073706963652074726164652063656e74657220616e6420697320636c6f736520746f204b61707061642042656163682c20776865726520506f7274756775657365206578706c6f72657220566173636f2064612047616d61206c616e64656420696e20313439382e205468652063656e7472616c204b6f7a68696b6f64652042656163682c206f7665726c6f6f6b656420627920616e206f6c64206c69676874686f7573652c206973206120706f70756c61722073706f7420666f72207761746368696e67207468652073756e7365742e20496e6c616e642c20747265652d6c696e6564204d616e616e6368697261205371756172652c207769746820697473206d75736963616c20666f756e7461696e2c20737572726f756e647320746865206d617373697665204d616e616e63686972612054616e6b2c20616e206172746966696369616c20706f6e642e, '2019-11-19'),
(8, 'Thiruvananthapuram', 0x546869727576616e616e746861707572616d20286f722054726976616e6472756d2920697320746865206361706974616c206f662074686520736f75746865726e20496e6469616e207374617465206f66204b6572616c612e20497427732064697374696e6775697368656420627920697473204272697469736820636f6c6f6e69616c2061726368697465637475726520616e64206d616e79206172742067616c6c65726965732e204974927320616c736f20686f6d6520746f204b757468697261204d616c696b6120286f722050757468656e204d616c696b61292050616c6163652c2061646f726e656420776974682063617276656420686f7273657320616e6420646973706c6179696e6720636f6c6c656374696f6e732072656c6174656420746f207468652054726176616e636f726520726f79616c2066616d696c792c2077686f736520726567696f6e616c206361706974616c2077617320686572652066726f6d20746865203138746896323074682063656e7475726965732e, '2019-11-19'),
(9, 'Kasaragod', 0x4b6173617261676f642069732061206d756e69636970616c20746f776e20616e642074686520646973747269637420686561647175617274657273206f66204b6173617261676f64206469737472696374206f66204b6572616c6120737461746520696e20496e6469612e, '2019-11-19'),
(10, 'Kannur', 0x4b616e6e7572206973206120636f617374616c206369747920696e2074686520736f75746820496e6469616e207374617465206f66204b6572616c612e20497420776173206f6e636520616e20616e6369656e742074726164696e6720706f72742e20456e647572696e67206d6f6e756d656e7473207375636820617320313674682d63656e747572792053742e20416e67656c6f20466f72742c206f6e6365206f63637570696564206279204575726f7065616e20636f6c6f6e69616c20666f726365732c2073686f772074686520636974799273207369676e69666963616e7420726f6c6520696e207468652073706963652074726164652e20486f7573656420696e206120666f726d65722070616c6163652c20746865204172616b6b616c204d757365756d20686967686c6967687473204b6572616c612773206f6e65204d75736c696d20726f79616c2066616d696c792e205468652070616c6d2d6672696e6765642073616e6473206f662050617979616d62616c616d2042656163682072756e20616c6f6e67204b616e6e75729273207765737465726e2073686f72652e, '2019-11-19'),
(11, 'Tenth', 0x4b6f6c6c616d2069732061206369747920696e20746865207374617465206f66204b6572616c612c206f6e20496e6469612773204d616c6162617220436f6173742e2049749273206b6e6f776e20617320612074726164652068756220616e6420666f722069747320626561636865732c206c696b65206c6976656c79204b6f6c6c616d20616e64207365636c756465642054686972756d756c6c61766172616d2e205361726461722056616c6c6162686268616920506174656c20506f6c696365204d757365756d20686173206172746966616374732074726163696e672074686520686973746f7279206f662074686520706f6c69636520666f7263652e204e65617262792c2041736874616d756469204c616b652069732061206761746577617920746f20746865204b6572616c61206261636b7761746572732c2061206e6574776f726b206f6620776174657277617973207269636820776974682076656765746174696f6e2e20546865207374726970656420313930322054616e67617373657269204c69676874686f75736520686173206f6365616e2076696577732e, '2019-11-19'),
(12, 'kottayam', 0x4b6f74746179616d20697320612070726f6d696e656e74206369747920696e2074686520496e6469616e207374617465206f66204b6572616c612e2049742069732074686520646973747269637420686561647175617274657273206f66204b6f74746179616d2064697374726963742c206c6f636174656420696e20736f7574682d77657374204b6572616c612e20497420686164206120706f70756c6174696f6e206f66203133362c38313220696e20746865206369747927732061646d696e697374726174697665206c696d6974732c206163636f7264696e6720746f2074686520323031312063656e7375732e, '2019-11-19'),
(13, 'Thrissur', 0x54687269737375722069732061206369747920696e2074686520736f75746820496e6469616e207374617465206f66204b6572616c612e2049742773206b6e6f776e20666f722073616372656420736974657320616e6420636f6c6f7266756c20666573746976616c732e20496e207468652063656e74657220697320566164616b6b756d6e617468616e2054656d706c652c2064656469636174656420746f204c6f726420536869766120616e642061646f726e65642077697468206d7572616c732e20546865206f726e6174652c20496e646f2d476f74686963204f7572204c616479206f6620446f6c6f75727320426173696c696361206973206e65617262792e20546f20746865206e6f7274682c20546869727576616d626164792054656d706c6520697320686f6d6520746f207365766572616c20656c657068616e74732e2053616b7468616e205468616d707572616e2050616c61636520686f7573657320616e206172636861656f6c6f6779206d757365756d20776974682062726f6e7a65207374617475657320616e6420616e6369656e7420636f696e732e, '2019-11-19'),
(14, 'Fourteenth', 0x49742069732061206c6f6e672065737461626c6973686564206661637420746861742061207265616465722077696c6c206265206469737472616374656420627920746865207265616461626c6520636f6e74656e74206f6620612070616765207768656e206c6f6f6b696e6720617420697473206c61796f75742e2054686520706f696e74206f66207573696e67204c6f72656d20497073756d2069732074686174206974206861732061206d6f72652d6f722d6c657373206e6f726d616c20646973747269627574696f6e206f66206c6574746572732c206173206f70706f73656420746f207573696e672027436f6e74656e7420686572652c20636f6e74656e742068657265272c206d616b696e67206974206c6f6f6b206c696b65207265616461626c6520456e676c6973682e204d616e79206465736b746f70207075626c697368696e67207061636b6167657320616e6420776562207061676520656469746f7273206e6f7720757365204c6f72656d20497073756d2061732074686569722064656661756c74206d6f64656c20746578742c20616e6420612073656172636820666f7220276c6f72656d20697073756d272077696c6c20756e636f766572206d616e7920776562207369746573207374696c6c20696e20746865697220696e66616e63792e20566172696f75732076657273696f6e7320686176652065766f6c766564206f766572207468652079656172732c20736f6d6574696d6573206279206163636964656e742c20736f6d6574696d6573206f6e20707572706f73652028696e6a65637465642068756d6f757220616e6420746865206c696b65292e, '2019-11-19'),
(15, 'Fifteenth', 0x4c6f72656d20497073756d2069732073696d706c792064756d6d792074657874206f6620746865207072696e74696e6720616e64207479706573657474696e6720696e6475737472792e204c6f72656d20497073756d20686173206265656e2074686520696e6475737472792773207374616e646172642064756d6d79207465787420657665722073696e6365207468652031353030732c207768656e20616e20756e6b6e6f776e207072696e74657220746f6f6b20612067616c6c6579206f66207479706520616e6420736372616d626c656420697420746f206d616b65206120747970652073706563696d656e20626f6f6b2e20497420686173207375727669766564206e6f74206f6e6c7920666976652063656e7475726965732c2062757420616c736f20746865206c65617020696e746f20656c656374726f6e6963207479706573657474696e672c2072656d61696e696e6720657373656e7469616c6c7920756e6368616e6765642e2049742077617320706f70756c61726973656420696e207468652031393630732077697468207468652072656c65617365206f66204c657472617365742073686565747320636f6e7461696e696e67204c6f72656d20497073756d2070617373616765732c20616e64206d6f726520726563656e746c792077697468206465736b746f70207075626c697368696e6720736f667477617265206c696b6520416c64757320506167654d616b657220696e636c7564696e672076657273696f6e73206f66204c6f72656d20497073756d2e, '2019-11-19'),
(16, 'Sixteenth', 0x436f6e747261727920746f20706f70756c61722062656c6965662c204c6f72656d20497073756d206973206e6f742073696d706c792072616e646f6d20746578742e2049742068617320726f6f747320696e2061207069656365206f6620636c6173736963616c204c6174696e206c6974657261747572652066726f6d2034352042432c206d616b696e67206974206f7665722032303030207965617273206f6c642e2052696368617264204d63436c696e746f636b2c2061204c6174696e2070726f666573736f722061742048616d7064656e2d5379646e657920436f6c6c65676520696e2056697267696e69612c206c6f6f6b6564207570206f6e65206f6620746865206d6f7265206f627363757265204c6174696e20776f7264732c20636f6e73656374657475722c2066726f6d2061204c6f72656d20497073756d20706173736167652c20616e6420676f696e67207468726f75676820746865206369746573206f662074686520776f726420696e20636c6173736963616c206c6974657261747572652c20646973636f76657265642074686520756e646f75627461626c6520736f757263652e204c6f72656d20497073756d20636f6d65732066726f6d2073656374696f6e7320312e31302e333220616e6420312e31302e3333206f66202264652046696e6962757320426f6e6f72756d206574204d616c6f72756d2220285468652045787472656d6573206f6620476f6f6420616e64204576696c292062792043696365726f2c207772697474656e20696e2034352042432e205468697320626f6f6b2069732061207472656174697365206f6e20746865207468656f7279206f66206574686963732c207665727920706f70756c617220647572696e67207468652052656e61697373616e63652e20546865206669727374206c696e65206f66204c6f72656d20497073756d2c20224c6f72656d20697073756d20646f6c6f722073697420616d65742e2e222c20636f6d65732066726f6d2061206c696e6520696e2073656374696f6e20312e31302e33322e, '2019-11-19'),
(17, 'Seventeenth', 0x4c6f72656d20497073756d2069732073696d706c792064756d6d792074657874206f6620746865207072696e74696e6720616e64207479706573657474696e6720696e6475737472792e204c6f72656d20497073756d20686173206265656e2074686520696e6475737472792773207374616e646172642064756d6d79207465787420657665722073696e6365207468652031353030732c207768656e20616e20756e6b6e6f776e207072696e74657220746f6f6b20612067616c6c6579206f66207479706520616e6420736372616d626c656420697420746f206d616b65206120747970652073706563696d656e20626f6f6b2e20497420686173207375727669766564206e6f74206f6e6c7920666976652063656e7475726965732c2062757420616c736f20746865206c65617020696e746f20656c656374726f6e6963207479706573657474696e672c2072656d61696e696e6720657373656e7469616c6c7920756e6368616e6765642e2049742077617320706f70756c61726973656420696e207468652031393630732077697468207468652072656c65617365206f66204c657472617365742073686565747320636f6e7461696e696e67204c6f72656d20497073756d2070617373616765732c20616e64206d6f726520726563656e746c792077697468206465736b746f70207075626c697368696e6720736f667477617265206c696b6520416c64757320506167654d616b657220696e636c7564696e672076657273696f6e73206f66204c6f72656d20497073756d2e, '2019-11-19'),
(18, 'Eighteenth', 0x546865726520617265206d616e7920766172696174696f6e73206f66207061737361676573206f66204c6f72656d20497073756d20617661696c61626c652c2062757420746865206d616a6f72697479206861766520737566666572656420616c7465726174696f6e20696e20736f6d6520666f726d2c20627920696e6a65637465642068756d6f75722c206f722072616e646f6d6973656420776f72647320776869636820646f6e2774206c6f6f6b206576656e20736c696768746c792062656c69657661626c652e20496620796f752061726520676f696e6720746f2075736520612070617373616765206f66204c6f72656d20497073756d2c20796f75206e65656420746f20626520737572652074686572652069736e277420616e797468696e6720656d62617272617373696e672068696464656e20696e20746865206d6964646c65206f6620746578742e20416c6c20746865204c6f72656d20497073756d2067656e657261746f7273206f6e2074686520496e7465726e65742074656e6420746f2072657065617420707265646566696e6564206368756e6b73206173206e65636573736172792c206d616b696e6720746869732074686520666972737420747275652067656e657261746f72206f6e2074686520496e7465726e65742e204974207573657320612064696374696f6e617279206f66206f76657220323030204c6174696e20776f7264732c20636f6d62696e6564207769746820612068616e6466756c206f66206d6f64656c2073656e74656e636520737472756374757265732c20746f2067656e6572617465204c6f72656d20497073756d207768696368206c6f6f6b7320726561736f6e61626c652e205468652067656e657261746564204c6f72656d20497073756d206973207468657265666f726520616c7761797320667265652066726f6d2072657065746974696f6e2c20696e6a65637465642068756d6f75722c206f72206e6f6e2d636861726163746572697374696320776f726473206574632e, '2019-11-19'),
(19, 'Nineteenth', 0x4c6f72656d20497073756d2069732073696d706c792064756d6d792074657874206f6620746865207072696e74696e6720616e64207479706573657474696e6720696e6475737472792e204c6f72656d20497073756d20686173206265656e2074686520696e6475737472792773207374616e646172642064756d6d79207465787420657665722073696e6365207468652031353030732c207768656e20616e20756e6b6e6f776e207072696e74657220746f6f6b20612067616c6c6579206f66207479706520616e6420736372616d626c656420697420746f206d616b65206120747970652073706563696d656e20626f6f6b2e20497420686173207375727669766564206e6f74206f6e6c7920666976652063656e7475726965732c2062757420616c736f20746865206c65617020696e746f20656c656374726f6e6963207479706573657474696e672c2072656d61696e696e6720657373656e7469616c6c7920756e6368616e6765642e2049742077617320706f70756c61726973656420696e207468652031393630732077697468207468652072656c65617365206f66204c657472617365742073686565747320636f6e7461696e696e67204c6f72656d20497073756d2070617373616765732c20616e64206d6f726520726563656e746c792077697468206465736b746f70207075626c697368696e6720736f667477617265206c696b6520416c64757320506167654d616b657220696e636c7564696e672076657273696f6e73206f66204c6f72656d20497073756d2e, '2019-11-19'),
(20, 'Twenteenth', 0x436f6e747261727920746f20706f70756c61722062656c6965662c204c6f72656d20497073756d206973206e6f742073696d706c792072616e646f6d20746578742e2049742068617320726f6f747320696e2061207069656365206f6620636c6173736963616c204c6174696e206c6974657261747572652066726f6d2034352042432c206d616b696e67206974206f7665722032303030207965617273206f6c642e2052696368617264204d63436c696e746f636b2c2061204c6174696e2070726f666573736f722061742048616d7064656e2d5379646e657920436f6c6c65676520696e2056697267696e69612c206c6f6f6b6564207570206f6e65206f6620746865206d6f7265206f627363757265204c6174696e20776f7264732c20636f6e73656374657475722c2066726f6d2061204c6f72656d20497073756d20706173736167652c20616e6420676f696e67207468726f75676820746865206369746573206f662074686520776f726420696e20636c6173736963616c206c6974657261747572652c20646973636f76657265642074686520756e646f75627461626c6520736f757263652e204c6f72656d20497073756d20636f6d65732066726f6d2073656374696f6e7320312e31302e333220616e6420312e31302e3333206f66202264652046696e6962757320426f6e6f72756d206574204d616c6f72756d2220285468652045787472656d6573206f6620476f6f6420616e64204576696c292062792043696365726f2c207772697474656e20696e2034352042432e205468697320626f6f6b2069732061207472656174697365206f6e20746865207468656f7279206f66206574686963732c207665727920706f70756c617220647572696e67207468652052656e61697373616e63652e20546865206669727374206c696e65206f66204c6f72656d20497073756d2c20224c6f72656d20697073756d20646f6c6f722073697420616d65742e2e222c20636f6d65732066726f6d2061206c696e6520696e2073656374696f6e20312e31302e33322e0a0a546865207374616e64617264206368756e6b206f66204c6f72656d20497073756d20757365642073696e63652074686520313530307320697320726570726f64756365642062656c6f7720666f722074686f736520696e74657265737465642e2053656374696f6e7320312e31302e333220616e6420312e31302e33332066726f6d202264652046696e6962757320426f6e6f72756d206574204d616c6f72756d222062792043696365726f2061726520616c736f20726570726f647563656420696e207468656972206578616374206f726967696e616c20666f726d2c206163636f6d70616e69656420627920456e676c6973682076657273696f6e732066726f6d207468652031393134207472616e736c6174696f6e20627920482e205261636b68616d2e, '2019-11-19'),
(21, 'Alappuzha', 0x416c617070757a686120286f7220416c6c65707065792920697320612063697479206f6e20746865204c61636361646976652053656120696e2074686520736f75746865726e20496e6469616e207374617465206f66204b6572616c612e204974732062657374206b6e6f776e20666f7220686f757365626f6174206372756973657320616c6f6e672074686520727573746963204b6572616c61206261636b7761746572732c2061206e6574776f726b206f66207472616e7175696c2063616e616c7320616e64206c61676f6f6e732e20416c617070757a6861204265616368206973207468652073697465206f662074686520313974682d63656e7475727920416c617070757a6861204c69676874686f7573652e20546865206369747973204d756c6c616b6b616c2054656d706c65206665617475726573206120747261646974696f6e616c2064657369676e2e2050756e6e616d616461204c616b657320736e616b6520626f61742072616365732061726520612077656c6c2d6b6e6f776e20616e6e75616c206576656e742e, '2019-11-19'),
(22, 'ranjith', 0x6466646c6b7367666c667673646c6b666a6b6473666b7364666b64736667626664626776, '2019-11-19'),
(23, 'ranjith', 0x6466646c6b7367666c667673646c6b666a6b6473666b7364666b64736667626664626776, '2019-11-19'),
(24, 'rohith', 0x666b6b6a666a6b64736b6a6b73646c, '2019-11-19'),
(26, 'india', 0x6e6f7468696e67, '2019-11-19'),
(27, 'india', 0x6e6f7468696e67, '2019-11-19'),
(28, 'enthelum', 0x666867686a6a676b686c686c6b6867, '2019-11-19'),
(31, 'sdgfhfgh', 0x64666467686266686766, '2019-11-19'),
(32, 'anu', 0x64666762666768686a, '2019-11-19'),
(33, 'ranjithkumarku', 0x676779757975797565727274, '2019-11-20'),
(34, 'kumar', 0x617367666866676a, '2019-11-20'),
(35, 'sulfi', 0x64676678686667686a6866676a6867666a686a6a6864666664676466676473666664, '2019-11-20'),
(36, 'ranjithkumarku', 0x7873766e676d6a6b67686664677364667267666467, '2019-11-20'),
(37, 'ranjithkumarkuRRR', 0x7873766e676d6a6b67686664677364667267666467, '2019-11-20'),
(38, 'anuzyxwareceo', 0x6c7364666b6c6a6b6c6b736a6b686b6c616c6c73646868666a6b6c6b646c7361, '2019-11-20'),
(39, 'newranjithkumar', 0x646467686768686a686b6a6466736164, '2019-11-20'),
(42, 'ranjiththrissur', 0x6e6f7468696e67, '2019-11-20'),
(43, 'ran', 0x6b696c6c696d616e67616c616d2c76696c6c616765, '2019-11-20');

-- --------------------------------------------------------

--
-- Table structure for table `blog_tag_junction`
--

CREATE TABLE `blog_tag_junction` (
  `blogid` int(11) NOT NULL,
  `tagid` int(11) NOT NULL
) ENGINE=InnoDB DEFAULT CHARSET=latin1;

--
-- Dumping data for table `blog_tag_junction`
--

INSERT INTO `blog_tag_junction` (`blogid`, `tagid`) VALUES
(1, 3),
(2, 4),
(2, 1),
(2, 2),
(3, 1),
(3, 4),
(4, 1),
(4, 3),
(6, 5),
(6, 6),
(7, 5),
(7, 7),
(8, 8),
(9, 1),
(9, 9),
(9, 10),
(9, 8),
(11, 1),
(11, 9),
(11, 10),
(11, 8),
(12, 8),
(12, 11),
(12, 7),
(13, 12),
(14, 12),
(15, 12),
(16, 12),
(17, 12),
(18, 12),
(19, 12),
(20, 12),
(21, 13),
(21, 1),
(21, 14),
(22, 1),
(22, 15),
(24, 16),
(25, 17),
(26, 15),
(26, 1),
(28, 18),
(31, 19),
(32, 20),
(33, 1),
(33, 15),
(34, 15),
(35, 1),
(37, 15),
(38, 21),
(38, 1),
(38, 15),
(39, 21),
(39, 15),
(42, 22),
(42, 1),
(43, 21),
(43, 1);

-- --------------------------------------------------------

--
-- Table structure for table `tag`
--

CREATE TABLE `tag` (
  `tid` int(11) NOT NULL,
  `tags` varchar(30) NOT NULL
) ENGINE=InnoDB DEFAULT CHARSET=latin1;

--
-- Dumping data for table `tag`
--

INSERT INTO `tag` (`tid`, `tags`) VALUES
(5, 'abcd'),
(13, 'alappuzha'),
(16, 'dsffghhfhjghjgjh'),
(6, 'efgh'),
(19, 'ghhjgjkjhkj'),
(14, 'godowncountry'),
(4, 'godsowncountry'),
(3, 'guhki'),
(11, 'hai'),
(10, 'hari'),
(8, 'hello'),
(15, 'india'),
(1, 'kerala'),
(21, 'killimangalam'),
(2, 'kochi'),
(20, 'koiy'),
(18, 'nothing'),
(9, 'rgrgrgjrj'),
(7, 'smile'),
(12, 'smiley'),
(22, 'thrissur');

--
-- Indexes for dumped tables
--

--
-- Indexes for table `blog`
--
ALTER TABLE `blog`
  ADD PRIMARY KEY (`bid`);

--
-- Indexes for table `tag`
--
ALTER TABLE `tag`
  ADD PRIMARY KEY (`tid`),
  ADD UNIQUE KEY `UNIQUE` (`tags`),
  ADD KEY `tid` (`tid`);

--
-- AUTO_INCREMENT for dumped tables
--

--
-- AUTO_INCREMENT for table `blog`
--
ALTER TABLE `blog`
  MODIFY `bid` int(11) NOT NULL AUTO_INCREMENT, AUTO_INCREMENT=44;
--
-- AUTO_INCREMENT for table `tag`
--
ALTER TABLE `tag`
  MODIFY `tid` int(11) NOT NULL AUTO_INCREMENT, AUTO_INCREMENT=23;
/*!40101 SET CHARACTER_SET_CLIENT=@OLD_CHARACTER_SET_CLIENT */;
/*!40101 SET CHARACTER_SET_RESULTS=@OLD_CHARACTER_SET_RESULTS */;
/*!40101 SET COLLATION_CONNECTION=@OLD_COLLATION_CONNECTION */;
